ticker,date,sector,pct_positive,pct_negative,pct_neutral,sentiment_score,non_neutral_rate,pos_to_neg_ratio,neutral_adjusted_score,sentiment_score_neg2,sentiment_score_neg3,uncertainty_rate,risk_language_rate,word_count,sentence_count,call_date,actual_date,CAR0,CAR+1,CAR+3,CAR+5,CAR+10,CAR-1,CAR-5,CAR-10,label,label_10d
AAPL,2023-02-02,Technology,0.38,0.12,0.5,0.26,0.5,3.1405,0.519,0.14,0.02,4.0186,9.4186,7963,150,2023-02-02,2023-02-02,0.008267,0.035029,0.029209,0.023581,0.041112,0.022506,0.01793,0.042549,1,1
AAPL,2023-05-04,Technology,0.4067,0.1133,0.48,0.2933,0.52,3.5569,0.563,0.18,0.0667,5.3346,5.4559,8248,150,2023-05-04,2023-05-04,0.009881,0.028414,0.021753,0.030734,0.022511,-0.00283,0.002095,0.011228,1,1
AAPL,2023-08-03,Technology,0.4533,0.1133,0.4333,0.34,0.5667,3.965,0.5989,0.2267,0.1133,4.7204,3.8732,8262,150,2023-08-03,2023-08-03,-0.003874,-0.043497,-0.059275,-0.062521,-0.060625,-0.004456,-0.002543,-0.002762,0,0
AAPL,2023-11-02,Technology,0.5,0.0867,0.4133,0.4133,0.5867,5.7034,0.7033,0.3267,0.24,4.0295,3.7992,8686,150,2023-11-02,2023-11-02,0.001881,-0.014304,0.009611,0.020107,0.024576,0.001529,0.019854,0.001872,1,1
AAPL,2024-02-01,Technology,0.48,0.0733,0.4467,0.4067,0.5533,6.4574,0.7336,0.3333,0.26,4.5529,3.6676,7907,150,2024-02-01,2024-02-01,0.006169,-0.015933,0.003287,-0.010829,-0.040985,0.000252,-0.040045,-0.036058,0,0
AAPL,2024-05-02,Technology,0.46,0.12,0.42,0.34,0.58,3.8017,0.5852,0.22,0.1,5.8944,3.8494,8313,150,2024-05-02,2024-05-02,0.001269,0.047421,0.030174,0.036715,0.05179,0.012679,0.015424,0.024829,1,1
AAPL,2024-08-01,Technology,0.4467,0.0667,0.4867,0.38,0.5133,6.601,0.7388,0.3133,0.2467,5.8809,3.063,8162,150,2024-08-01,2024-08-01,-0.009485,0.025488,-0.012555,-0.000365,0.011791,-0.00259,-0.004543,-0.0085,0,1
AAPL,2024-10-31,Technology,0.4933,0.0333,0.4733,0.46,0.5267,14.3689,0.8718,0.4267,0.3933,6.5223,1.5998,8126,150,2024-10-31,2024-10-31,-0.002933,-0.0175,-0.025064,-0.040479,-0.032118,0.001394,-0.001911,-0.003337,0,0
AAPL,2025-01-30,Technology,0.5,0.0333,0.4667,0.4667,0.5333,14.5631,0.8734,0.4333,0.4,6.0479,2.9622,8102,150,2025-01-30,2025-01-30,-0.006313,-0.00137,-0.014773,-0.020509,0.009949,-0.012762,0.070006,-0.021859,0,1
AAPL,2025-05-01,Technology,0.4467,0.0333,0.52,0.4133,0.48,13.0097,0.8593,0.38,0.3467,8.1429,4.1322,8228,150,2025-05-01,2025-05-01,0.02367,-0.052206,-0.070017,-0.086008,-0.064748,-0.003228,0.002208,0.035643,0,0
AAPL,2025-07-31,Technology,0.46,0.0467,0.4933,0.4133,0.5067,9.6503,0.8142,0.3667,0.32,5.9423,2.1829,8246,150,2025-07-31,2025-07-31,0.007128,-0.008613,-0.0159,0.059759,0.102364,-0.003328,-0.025269,-0.018098,1,1
AAPL,2025-10-30,Technology,0.5267,0.02,0.4533,0.5067,0.5467,25.0794,0.9251,0.4867,0.4667,4.4914,2.9133,8238,150,2025-10-30,2025-10-30,0.003782,-0.007075,0.001741,0.007998,0.018145,0.017301,0.033522,0.06774,1,1
ABT,2023-04-19,Healthcare,0.4067,0.0733,0.52,0.3333,0.48,5.4709,0.693,0.26,0.1867,4.0313,4.9528,8682,150,2023-04-19,2023-04-19,0.030273,-0.01182,-0.013185,-0.00791,0.010058,0.078325,0.085418,0.084389,0,1
ABT,2023-07-20,Healthcare,0.46,0.0933,0.4467,0.3667,0.5533,4.8763,0.6615,0.2733,0.18,3.2169,3.4467,8704,150,2023-07-20,2023-07-20,0.038887,0.021998,0.002627,0.006647,-0.030975,0.049047,0.032134,0.019717,1,0
ABT,2023-10-18,Healthcare,0.3667,0.0533,0.58,0.3133,0.42,6.7485,0.7443,0.26,0.2067,3.6717,2.6057,8443,150,2023-10-18,2023-10-18,0.004583,0.007531,0.024966,0.008603,0.011794,0.050443,0.051234,-0.00848,1,1
ABT,2024-01-24,Healthcare,0.4867,0.0667,0.4467,0.42,0.5533,7.1921,0.7577,0.3533,0.2867,3.0311,2.7556,7258,150,2024-01-24,2024-01-24,0.005141,0.009728,0.012081,0.026657,-0.003255,-0.029426,-0.055474,-0.036929,1,0
ABT,2024-04-17,Healthcare,0.4467,0.0467,0.5067,0.4,0.4933,9.3706,0.8092,0.3533,0.3067,4.5157,2.9709,8415,150,2024-04-17,2024-04-17,-0.00429,-0.003891,0.012706,-0.000361,0.004082,-0.02439,-0.016286,-0.007316,0,1
ABT,2024-07-18,Healthcare,0.44,0.0533,0.5067,0.3867,0.4933,8.0982,0.7822,0.3333,0.28,4.8709,0.7929,8828,150,2024-07-18,2024-07-18,-0.012184,0.026227,0.036446,0.084643,0.118191,-0.036354,-0.02749,-0.019073,1,1
ABT,2024-10-16,Healthcare,0.42,0.0533,0.5267,0.3667,0.4733,7.7301,0.773,0.3133,0.26,3.1031,2.7583,8701,150,2024-10-16,2024-10-16,-0.005956,0.000508,-0.009329,0.000527,-0.02467,0.010906,0.011976,0.018043,1,0
ABT,2025-01-22,Healthcare,0.46,0.0733,0.4667,0.3867,0.5333,6.1883,0.7236,0.3133,0.24,4.7465,3.1257,8638,150,2025-01-22,2025-01-22,0.031123,0.04073,0.110571,0.093218,0.124904,0.002855,0.005932,0.028789,1,1
ABT,2025-04-16,Healthcare,0.42,0.0667,0.5133,0.3533,0.4867,6.2069,0.7245,0.2867,0.22,6.3248,2.9365,8854,150,2025-04-16,2025-04-16,0.011323,0.008442,0.012626,-0.042474,-0.053319,0.049799,0.067518,0.056488,0,0
ABT,2025-07-17,Healthcare,0.3867,0.06,0.5533,0.3267,0.4467,6.3388,0.7297,0.2667,0.2067,5.38,5.8379,8736,150,2025-07-17,2025-07-17,-0.053558,0.026954,0.04201,0.03241,0.0407,-0.091363,-0.097478,-0.109609,1,1
ABT,2025-10-15,Healthcare,0.46,0.0533,0.4867,0.4067,0.5133,8.4663,0.7907,0.3533,0.3,4.5419,4.2457,10128,150,2025-10-15,2025-10-15,0.013724,-0.007249,-0.008752,-0.015541,-0.072185,-0.028784,-0.019815,-0.020899,0,0
ABT,2026-01-22,Healthcare,0.46,0.1,0.44,0.36,0.56,4.5545,0.6417,0.26,0.16,3.7886,4.5658,10294,150,2026-01-22,2026-01-22,0.011305,-0.011319,-0.012579,-0.030547,0.020816,-0.105613,-0.12472,-0.139872,0,1
AMZN,2023-04-27,Technology,0.32,0.1,0.58,0.22,0.42,3.1683,0.5226,0.12,0.02,4.9439,3.4741,7484,150,2023-04-27,2023-04-27,0.002055,-0.048328,-0.052558,-0.035344,0.022169,0.026196,0.056608,0.075025,0,1
AMZN,2023-08-03,Technology,0.3933,0.02,0.5867,0.3733,0.4133,18.7302,0.901,0.3533,0.3333,3.673,2.0405,7351,150,2023-08-03,2023-08-03,0.009432,0.087216,0.085764,0.081386,0.067291,0.008326,0.013213,-0.000693,1,1
AMZN,2023-10-26,Technology,0.4333,0.0267,0.54,0.4067,0.46,15.6627,0.8821,0.38,0.3533,3.5039,2.5695,8562,150,2023-10-26,2023-10-26,0.000578,0.072861,0.099376,0.110581,0.124274,-0.003018,-0.03622,-0.047747,1,1
AMZN,2024-02-01,Technology,0.4467,0.0267,0.5267,0.42,0.4733,16.1446,0.8855,0.3933,0.3667,4.3449,0.6684,8976,150,2024-02-01,2024-02-01,0.012447,0.068139,0.052195,0.047656,0.039862,0.013201,0.007301,0.01098,1,1
AMZN,2024-04-30,Technology,0.3667,0.0467,0.5867,0.32,0.4133,7.6923,0.7723,0.2733,0.2267,3.7918,2.0683,8703,150,2024-04-30,2024-04-30,-0.020691,0.026104,0.04551,0.048428,0.0265,-0.017094,-0.018029,-0.042307,1,1
AMZN,2024-08-01,Technology,0.3667,0.0467,0.5867,0.32,0.4133,7.6923,0.7723,0.2733,0.2267,3.4598,2.1006,8093,150,2024-08-01,2024-08-01,-0.010276,-0.069229,-0.081865,-0.076494,-0.05373,-0.001402,0.01492,0.019202,0,0
AMZN,2024-10-31,Technology,0.4467,0.02,0.5333,0.4267,0.4667,21.2698,0.9123,0.4067,0.3867,3.942,0.763,7864,150,2024-10-31,2024-10-31,-0.009551,0.057636,0.056105,0.079449,0.091095,-0.013241,0.018407,0.017517,1,1
AMZN,2025-02-06,Technology,0.4067,0.0467,0.5467,0.36,0.4533,8.5315,0.7924,0.3133,0.2667,5.8522,1.585,8202,150,2025-02-06,2025-02-06,0.002901,-0.031377,-0.02375,-0.041047,-0.08264,0.007787,0.015741,0.02011,0,0
AMZN,2025-05-01,Technology,0.32,0.04,0.64,0.28,0.36,7.8049,0.7756,0.24,0.2,9.5295,1.5485,8395,150,2025-05-01,2025-05-01,0.001135,-0.016001,-0.027878,-0.001916,0.021425,0.024255,-0.001927,0.028618,0,1
AMZN,2025-07-31,Technology,0.3867,0.06,0.5533,0.3267,0.4467,6.3388,0.7297,0.2667,0.2067,4.7923,1.3692,8764,150,2025-07-31,2025-07-31,0.0045,-0.066306,-0.080465,-0.04717,-0.033731,0.020781,0.011784,0.039261,0,0
AMZN,2025-10-30,Technology,0.38,0.04,0.58,0.34,0.42,9.2683,0.8076,0.3,0.26,3.375,0.375,8000,150,2025-10-30,2025-10-30,-0.012546,0.092565,0.125481,0.104554,0.077509,-0.021308,-0.004007,0.010072,1,1
AMZN,2026-02-05,Technology,0.3667,0.02,0.6133,0.3467,0.3867,17.4603,0.8942,0.3267,0.3067,3.616,1.5341,9126,150,2026-02-05,2026-02-05,-0.004995,-0.074733,-0.092035,-0.109073,-0.07392,-0.031719,-0.055107,-0.033226,0,0
BAC,2023-04-18,Financial,0.42,0.08,0.5,0.34,0.5,5.1852,0.6786,0.26,0.18,3.2876,3.6449,13992,150,2023-04-18,2023-04-18,-0.004496,-0.016193,-0.017726,-0.036655,-0.070398,0.005604,0.053479,0.060973,0,0
BAC,2023-07-18,Financial,0.4933,0.08,0.4267,0.4133,0.5733,6.0905,0.7197,0.3333,0.2533,3.7387,3.2809,13106,150,2023-07-18,2023-07-18,0.015142,0.024812,0.046119,0.044479,0.024925,0.036787,0.03138,0.027935,1,1
BAC,2023-10-17,Financial,0.36,0.1,0.54,0.26,0.46,3.5644,0.564,0.16,0.06,4.0687,3.0866,14255,150,2023-10-17,2023-10-17,0.013656,0.002101,-0.013417,-0.049426,-0.005474,0.023388,0.019178,0.03177,0,0
BAC,2024-01-12,Financial,0.3267,0.08,0.5933,0.2467,0.4067,4.0329,0.6051,0.1667,0.0867,3.2492,5.2894,13234,150,2024-01-12,2024-01-12,0.019482,-0.01706,-0.032223,-0.021825,-0.005912,-0.011251,-0.066064,-0.031856,0,0
BAC,2024-04-16,Financial,0.4467,0.08,0.4733,0.3667,0.5267,5.5144,0.6949,0.2867,0.2067,3.8924,4.5117,11304,150,2024-04-16,2024-04-16,-0.036543,0.021777,0.082655,0.102191,0.070264,-0.033503,-0.050432,-0.040733,1,1
BAC,2024-07-16,Financial,0.4,0.0733,0.5267,0.3267,0.4733,5.3812,0.6887,0.2533,0.18,4.2904,3.6304,12120,150,2024-07-16,2024-07-16,0.034329,0.010622,0.000223,-0.01936,-0.024112,0.047543,0.049163,0.06718,0,0
BAC,2024-10-15,Financial,0.4867,0.1,0.4133,0.3867,0.5867,4.8185,0.658,0.2867,0.1867,3.6699,2.0829,10082,150,2024-10-15,2024-10-15,-0.016986,0.011316,-0.004025,-0.002309,0.005823,0.013258,0.043814,0.054825,0,1
BAC,2024-01-16,Financial,0.4133,0.0933,0.4933,0.32,0.5067,4.3816,0.6303,0.2267,0.1333,3.7613,2.8763,13559,150,2024-01-16,2024-01-16,-0.008253,-0.004404,-0.012678,-0.000672,0.049521,-0.01706,-0.060414,-0.045236,0,1
BAC,2025-04-15,Financial,0.4733,0.0867,0.44,0.3867,0.56,5.3992,0.6892,0.3,0.2133,6.5158,4.7974,13966,150,2025-04-15,2025-04-15,0.008844,0.004855,0.015974,0.024079,0.018259,0.038798,0.001656,-0.042715,1,1
BAC,2025-07-16,Financial,0.4533,0.06,0.4867,0.3933,0.5133,7.4317,0.7647,0.3333,0.2733,3.4765,3.631,12944,150,2025-07-16,2025-07-16,-0.005526,0.015388,0.024212,0.029836,0.025525,-0.005943,-0.017549,-0.054666,1,1
BAC,2025-10-15,Financial,0.56,0.06,0.38,0.5,0.62,9.1803,0.8052,0.44,0.38,3.0877,2.3564,12307,150,2025-10-15,2025-10-15,0.016242,-0.028385,-0.013806,-0.026525,-0.027667,0.039282,0.060753,0.036478,0,0
BAC,2026-01-14,Financial,0.5067,0.0667,0.4267,0.44,0.5733,7.4877,0.7661,0.3733,0.3067,4.1525,2.5211,13486,150,2026-01-14,2026-01-14,-0.006638,-0.000627,0.011271,0.001427,0.006102,-0.032855,-0.057925,-0.055527,1,1
BA,2023-04-26,Industrial,0.4133,0.0933,0.4933,0.32,0.5067,4.3816,0.6303,0.2267,0.1333,4.1672,4.1672,7679,150,2023-04-26,2023-04-26,-0.019263,-0.005083,-0.023437,-0.019395,-0.031783,0.00839,-0.003599,-0.034802,0,0
BA,2024-04-24,Industrial,0.46,0.1,0.44,0.36,0.56,4.5545,0.6417,0.26,0.16,2.7788,4.7998,7917,150,2024-04-24,2024-04-24,-0.066682,0.01889,0.046541,0.0534,0.074179,-0.028193,-0.044255,-0.04204,1,1
BA,2025-04-23,Industrial,0.4467,0.1133,0.44,0.3333,0.56,3.9067,0.5942,0.22,0.1067,5.0715,5.0715,8676,150,2025-04-23,2025-04-23,-9.7e-05,0.001519,0.02879,0.027352,0.028466,0.045113,0.11242,0.15817,1,1
BA,2023-07-26,Industrial,0.4467,0.12,0.4333,0.3267,0.5667,3.6915,0.5755,0.2067,0.0867,5.4791,4.1398,8213,150,2023-07-26,2023-07-26,0.045605,0.010711,0.020983,0.005711,0.043162,0.087087,0.115331,0.05099,1,1
BA,2024-07-31,Industrial,0.4133,0.1267,0.46,0.2867,0.54,3.2376,0.5299,0.16,0.0333,4.1868,4.5794,7643,150,2024-07-31,2024-07-31,0.000458,-0.05032,-0.06297,-0.085178,-0.103132,0.00376,0.040777,0.042169,0,0
BA,2025-07-29,Industrial,0.5133,0.04,0.4467,0.4733,0.5533,12.5203,0.8539,0.4333,0.3933,4.4746,3.7075,7822,150,2025-07-29,2025-07-29,-0.051193,0.000198,0.002825,0.006079,0.017188,-0.041058,-0.020681,-0.038132,1,1
BA,2023-10-25,Industrial,0.3933,0.14,0.4667,0.2533,0.5333,2.7896,0.4741,0.1133,-0.0267,4.8431,4.4029,9085,150,2023-10-25,2023-10-25,-0.034175,0.019627,0.030688,0.053311,0.032154,-0.011037,-0.01344,-0.050519,1,1
BA,2024-10-23,Industrial,0.26,0.18,0.56,0.08,0.44,1.4365,0.1814,-0.1,-0.28,5.4154,4.9821,9233,150,2024-10-23,2024-10-23,-0.012749,-0.014005,-0.045471,-0.021132,-0.085612,-0.008501,0.021346,0.05001,0,0
BA,2025-10-29,Industrial,0.4867,0.1067,0.4067,0.38,0.5933,4.5201,0.6394,0.2733,0.1667,4.5938,3.3613,8925,150,2025-10-29,2025-10-29,-0.033215,-0.05221,-0.036387,-0.060455,-0.078818,-0.044138,-0.043232,-0.035368,0,0
BA,2024-01-31,Industrial,0.28,0.0733,0.6467,0.2067,0.3533,3.7668,0.5833,0.1333,0.06,4.1569,3.1177,7698,150,2024-01-31,2024-01-31,0.041613,-0.018916,-0.040922,-0.027349,-0.068789,0.069201,-0.009259,0.016876,0,0
BA,2025-01-28,Industrial,0.4267,0.14,0.4333,0.2867,0.5667,3.026,0.505,0.1467,0.0067,5.2156,7.1214,9970,150,2025-01-28,2025-01-28,-0.025963,-0.018692,-0.002621,-0.004186,0.013656,0.006365,0.010208,0.002486,0,1
BA,2026-01-27,Industrial,0.5667,0.0533,0.38,0.5133,0.62,10.4294,0.8266,0.46,0.4067,3.876,5.3156,9030,150,2026-01-27,2026-01-27,0.006608,-0.012044,-0.039263,-0.038086,-0.00321,-0.019562,-0.044264,0.019333,0,0
BLK,2023-04-14,Financial,0.3533,0.1267,0.52,0.2267,0.48,2.7676,0.4712,0.1,-0.0267,3.5816,5.6811,8097,150,2023-04-14,2023-04-14,0.017166,0.00658,0.001583,-0.014399,-0.03753,0.033155,0.045223,0.024122,0,0
BLK,2023-07-14,Financial,0.4933,0.0667,0.44,0.4267,0.56,7.2906,0.7605,0.36,0.2933,4.6499,2.7352,7312,150,2023-07-14,2023-07-14,-0.017484,-0.003692,0.013292,0.025384,-0.002844,-0.015287,0.039749,0.032364,1,0
BLK,2023-10-13,Financial,0.4667,0.1267,0.4067,0.34,0.5933,3.6554,0.5721,0.2133,0.0867,7.1325,3.9006,8973,150,2023-10-13,2023-10-13,0.007713,0.00189,-0.014488,0.003453,0.001123,-0.008396,-0.03634,-0.038531,1,1
BLK,2023-01-12,Financial,0.5,0.08,0.42,0.42,0.58,6.1728,0.7229,0.34,0.26,4.9316,3.4011,11761,150,2023-01-12,2023-01-12,-0.012786,-0.00384,0.005026,-0.013527,-0.015043,-0.006234,0.028842,0.022683,0,0
BLK,2024-04-12,Financial,0.5,0.0533,0.4467,0.4467,0.5533,9.2025,0.8058,0.3933,0.34,4.6646,1.2217,9004,150,2024-04-12,2024-04-12,-0.021366,0.011991,0.007574,0.013134,0.004389,-0.014901,-0.02821,-0.060961,1,1
BLK,2024-07-15,Financial,0.5067,0.04,0.4533,0.4667,0.5467,12.3577,0.8521,0.4267,0.3867,4.4676,3.5103,9401,150,2024-07-15,2024-07-15,-0.007568,0.019563,0.023135,0.036895,0.077486,-0.008801,0.030216,0.013461,1,1
BLK,2024-10-11,Financial,0.54,0.0333,0.4267,0.5067,0.5733,15.7282,0.8822,0.4733,0.44,5.6528,1.7393,9199,150,2024-10-11,2024-10-11,0.021955,-0.006704,0.021048,0.008281,-0.015417,0.030293,0.03175,0.03347,1,0
BLK,2025-01-15,Financial,0.4933,0.0267,0.48,0.4667,0.52,17.8313,0.8957,0.44,0.4133,4.5951,1.1233,9793,150,2025-01-15,2025-01-15,-0.010613,-0.01531,-0.018401,-0.024137,0.036899,0.033732,0.026006,-0.021622,0,1
BLK,2025-04-11,Financial,0.4267,0.0533,0.52,0.3733,0.48,7.8528,0.7762,0.32,0.2667,8.4755,2.3905,9203,150,2025-04-11,2025-04-11,0.015191,0.003009,0.000714,0.009372,0.008112,0.005446,0.011549,-0.032655,1,1
BLK,2025-07-15,Financial,0.4333,0.0667,0.5,0.3667,0.5,6.4039,0.7319,0.3,0.2333,5.9284,0.5293,9446,150,2025-07-15,2025-07-15,-0.014483,0.031145,0.046152,0.041036,0.050956,-0.054478,-0.029748,-0.009889,1,1
BLK,2025-10-14,Financial,0.48,0.02,0.5,0.46,0.5,22.8571,0.9182,0.44,0.42,6.3184,1.1584,9496,150,2025-10-14,2025-10-14,0.039897,0.002535,-0.030978,-0.067488,-0.095531,0.035106,0.034332,0.03028,0,0
BLK,2026-01-15,Financial,0.5067,0.04,0.4533,0.4667,0.5467,12.3577,0.8521,0.4267,0.3867,3.8222,1.6381,9157,150,2026-01-15,2026-01-15,0.02819,0.006475,-0.015019,-0.01877,-0.032213,0.056626,0.059216,0.065504,0,0
CAT,2023-04-13,Industrial,0.5267,0.1133,0.36,0.4133,0.64,4.6064,0.6448,0.3,0.1867,2.9257,5.3471,9912,150,2023-04-13,2023-04-13,-0.002619,0.01151,0.014135,0.006552,-0.0253,-0.007977,0.02372,-0.036162,1,0
CAT,2024-04-25,Industrial,0.4667,0.1733,0.36,0.2933,0.64,2.6769,0.4576,0.12,-0.0533,3.82,5.6239,9424,150,2024-04-25,2024-04-25,0.014244,0.006443,-0.007149,-0.010633,0.00764,-0.066403,-0.060187,-0.060025,0,1
CAT,2025-04-30,Industrial,0.3867,0.16,0.4533,0.2267,0.5467,2.4017,0.4139,0.0667,-0.0933,7.6621,5.4028,10180,150,2025-04-30,2025-04-30,-0.031574,0.008078,0.028575,0.023713,0.070999,0.005686,0.009933,0.027566,1,1
CAT,2023-08-01,Industrial,0.6,0.0733,0.3267,0.5267,0.6733,8.0717,0.781,0.4533,0.38,3.859,4.4848,9588,150,2023-08-01,2023-08-01,0.057835,0.010169,-0.021117,-0.003021,-0.009307,0.091409,0.099182,0.094535,0,0
CAT,2024-08-06,Industrial,0.44,0.22,0.34,0.22,0.66,1.991,0.3328,0.0,-0.22,4.5389,5.7768,9694,150,2024-08-06,2024-08-06,0.033809,0.004723,0.015449,-0.00023,-0.018351,0.02121,-0.008091,0.005602,0,0
CAT,2025-08-05,Industrial,0.44,0.16,0.4,0.28,0.6,2.7329,0.4659,0.12,-0.04,6.3204,4.951,9493,150,2025-08-05,2025-08-05,0.021433,-0.022652,-0.055451,-0.073,-0.06063,0.006292,0.021196,0.04226,0,0
CAT,2023-10-31,Industrial,0.56,0.08,0.36,0.48,0.64,6.9136,0.7488,0.4,0.32,3.2228,6.3416,9619,150,2023-10-31,2023-10-31,-0.011882,0.014905,0.025599,-0.005548,0.023479,-0.072806,-0.081352,-0.125761,0,1
CAT,2024-10-30,Industrial,0.4,0.2333,0.3667,0.1667,0.6333,1.707,0.2627,-0.0667,-0.3,4.3768,4.6895,9596,150,2024-10-30,2024-10-30,0.016213,0.011587,0.010414,0.080234,-0.008973,-0.018316,-0.02032,-0.029139,1,0
CAT,2025-10-29,Industrial,0.52,0.08,0.4,0.44,0.6,6.4198,0.7321,0.36,0.28,4.2999,3.6707,9535,150,2025-10-29,2025-10-29,0.050858,0.007002,-0.019557,-0.013637,-0.015465,0.115866,0.10995,0.066065,0,0
CAT,2024-02-05,Industrial,0.5667,0.1133,0.32,0.4533,0.68,4.9563,0.6657,0.34,0.2267,5.0604,4.544,9683,150,2024-02-05,2024-02-05,-0.037895,0.001204,-0.009848,-0.016399,-0.03238,0.023667,0.057246,0.094559,0,0
CAT,2025-01-30,Industrial,0.4667,0.2067,0.3267,0.26,0.6733,2.2472,0.3856,0.0533,-0.1533,4.1343,3.731,9917,150,2025-01-30,2025-01-30,0.002174,-0.004119,-0.029361,-0.02753,-0.064501,-0.051778,-0.069588,-0.016775,0,0
CAT,2026-01-29,Industrial,0.5533,0.06,0.3867,0.4933,0.6133,9.071,0.803,0.4333,0.3733,3.1709,2.1139,9461,150,2026-01-29,2026-01-29,0.018745,-0.008863,0.063094,0.043306,0.158274,0.036122,0.018612,0.038578,1,1
COP,2023-05-04,Energy,0.2933,0.02,0.6867,0.2733,0.3133,13.9683,0.8696,0.2533,0.2333,5.189,2.2239,5396,150,2023-05-04,2023-05-04,0.016482,0.012404,0.028514,0.008707,0.005248,0.0203,-0.020577,-0.045473,1,1
COP,2024-05-02,Energy,0.3,0.04,0.66,0.26,0.34,7.3171,0.7625,0.22,0.18,3.8638,2.4327,6988,150,2024-05-02,2024-05-02,-0.02155,-0.012559,-0.013427,-0.020653,-0.060408,-0.026162,-0.063469,-0.054533,0,0
COP,2025-05-08,Energy,0.24,0.0733,0.6867,0.1667,0.3133,3.2287,0.5302,0.0933,0.02,5.0071,2.0542,7789,150,2025-05-08,2025-05-08,-0.005725,-0.001315,0.021689,0.00166,-0.053941,0.005688,-0.031988,-0.066064,1,0
COP,2023-08-03,Energy,0.3467,0.0933,0.56,0.2533,0.44,3.6749,0.5745,0.16,0.0667,4.4379,2.8448,8788,150,2023-08-03,2023-08-03,-0.001089,-0.006608,0.005418,0.013833,0.047511,-0.002325,0.001243,0.036932,1,1
COP,2024-08-01,Energy,0.3067,0.0733,0.62,0.2333,0.38,4.1256,0.6124,0.16,0.0867,4.3649,2.1265,8935,150,2024-08-01,2024-08-01,-0.018804,-0.005554,0.01452,0.021655,0.015099,-0.011109,-0.032321,-0.05303,1,1
COP,2025-08-07,Energy,0.36,0.06,0.58,0.3,0.42,5.9016,0.7126,0.24,0.18,6.2611,0.8269,8465,150,2025-08-07,2025-08-07,0.012355,0.006349,0.004978,0.01285,0.026766,-0.00464,-0.029008,-0.028163,1,1
COP,2023-11-02,Energy,0.3533,0.0067,0.64,0.3467,0.36,46.087,0.9603,0.34,0.3333,4.5164,1.38,7971,150,2023-11-02,2023-11-02,0.025409,-0.027727,-0.069806,-0.071648,-0.122771,0.026692,-0.012782,-0.044653,0,0
COP,2024-10-31,Energy,0.3,0.04,0.66,0.26,0.34,7.3171,0.7625,0.22,0.18,5.5434,2.3097,8659,150,2024-10-31,2024-10-31,0.036048,-0.01974,-0.017187,-0.02132,-0.005395,0.083305,0.067835,0.055479,0,0
COP,2025-11-06,Energy,0.3133,0.1467,0.54,0.1667,0.46,2.1219,0.3615,0.02,-0.1267,6.2862,3.7324,10181,150,2025-11-06,2025-11-06,-0.006296,0.012674,0.039789,0.041314,0.05713,-0.012532,-0.014134,-0.046909,1,1
COP,2024-02-08,Energy,0.3267,0.0333,0.64,0.2933,0.36,9.5146,0.8126,0.26,0.2267,4.7229,1.2502,7199,150,2024-02-08,2024-02-08,0.006543,-0.029836,-0.027751,-0.025914,-0.033124,0.013625,0.003982,-0.004574,0,0
COP,2025-02-06,Energy,0.3067,0.04,0.6533,0.2667,0.3467,7.4797,0.767,0.2267,0.1867,5.6559,0.8701,9194,150,2025-02-06,2025-02-06,0.010073,-0.006656,0.019376,-0.036042,-0.001537,-0.00617,-0.017097,-0.033321,0,0
COP,2026-02-05,Energy,0.3733,0.0267,0.6,0.3467,0.4,13.494,0.8645,0.32,0.2933,5.3874,1.8317,9281,150,2026-02-05,2026-02-05,-0.013544,0.005963,0.002606,0.050338,0.043632,-0.01177,0.044865,0.100097,1,1
CRM,2022-05-31,Technology,0.4733,0.0467,0.48,0.4267,0.52,9.9301,0.8189,0.38,0.3333,4.6729,6.303,9202,150,2022-05-31,2022-05-31,-0.03875,0.106878,0.159744,0.16113,0.120865,-0.023826,-0.040834,-0.055734,1,1
CRM,2022-08-24,Technology,0.38,0.0267,0.5933,0.3533,0.4067,13.7349,0.8667,0.3267,0.3,4.7808,3.967,9831,150,2022-08-24,2022-08-24,0.01512,-0.048004,-0.083306,-0.088017,-0.096255,0.019583,-0.011873,-0.030548,0,0
CRM,2022-11-30,Technology,0.2467,0.0667,0.6867,0.18,0.3133,3.6453,0.5726,0.1133,0.0467,5.465,5.1722,10247,150,2022-11-30,2022-11-30,0.032196,-0.081947,-0.144399,-0.150156,-0.138816,0.025,0.054247,-0.034292,0,0
CRM,2023-03-01,Technology,0.4867,0.0333,0.48,0.4533,0.52,14.1748,0.8701,0.42,0.3867,4.8121,5.836,9767,150,2023-03-01,2023-03-01,0.028445,0.107191,0.073648,0.082629,0.106811,0.026695,0.033959,0.028022,1,1
CRM,2023-05-31,Technology,0.4133,0.04,0.5467,0.3733,0.4533,10.0813,0.8217,0.3333,0.2933,5.1204,4.1722,10546,150,2023-05-31,2023-05-31,0.018473,-0.056417,-0.082662,-0.099834,-0.108845,0.026151,0.07193,0.073477,0,0
CRM,2023-08-30,Technology,0.2933,0.0267,0.68,0.2667,0.32,10.6024,0.8307,0.24,0.2133,3.2844,2.737,10961,150,2023-08-30,2023-08-30,0.012104,0.031318,0.020898,0.048489,0.018833,0.010412,0.010248,0.013029,1,1
CRM,2023-11-29,Technology,0.2467,0.04,0.7133,0.2067,0.2867,6.0163,0.7184,0.1667,0.1267,4.4122,3.2356,10199,150,2023-11-29,2023-11-29,0.013167,0.089616,0.083595,0.081198,0.08213,0.024845,0.023925,0.028356,1,1
CRM,2024-02-28,Technology,0.3133,0.0267,0.66,0.2867,0.34,11.3253,0.8407,0.26,0.2333,3.3789,2.3574,12726,150,2024-02-28,2024-02-28,-0.001206,0.026595,0.037674,0.00645,-0.001473,0.002223,0.039002,0.041576,1,0
CRM,2024-05-29,Technology,0.3667,0.0267,0.6067,0.34,0.3933,13.253,0.8622,0.3133,0.2867,6.0976,4.859,10496,150,2024-05-29,2024-05-29,0.012709,-0.190738,-0.132088,-0.145478,-0.160881,0.013637,-0.032884,-0.024064,0,0
CRM,2024-08-28,Technology,0.1867,0.0467,0.7667,0.14,0.2333,3.9161,0.5974,0.0933,0.0467,3.4136,3.0722,11718,150,2024-08-28,2024-08-28,-0.006005,-0.007389,-0.030728,-0.033798,-0.022775,-0.014255,-0.00425,-0.012737,0,0
CRM,2024-12-03,Technology,0.1133,0.02,0.8667,0.0933,0.1333,5.3968,0.6948,0.0733,0.0533,4.7131,2.6639,9760,150,2024-12-03,2024-12-03,0.011447,0.103738,0.085748,0.054308,0.058327,0.000805,-0.033325,0.001692,1,1
CRM,2025-02-26,Technology,0.2467,0.02,0.7333,0.2267,0.2667,11.746,0.8468,0.2067,0.1867,4.3512,2.9975,10342,150,2025-02-26,2025-02-26,-0.014715,-0.024483,-0.028317,-0.03067,-0.014029,0.004235,-0.022996,-0.034828,0,0
CVX,2023-04-28,Energy,0.3,0.0533,0.6467,0.2467,0.3533,5.5215,0.6961,0.1933,0.14,5.0139,3.6769,8975,150,2023-04-28,2023-04-28,0.014012,-0.006939,-0.050682,-0.041716,-0.060511,0.001228,-0.012242,-0.030798,0,0
CVX,2024-04-26,Energy,0.3333,0.0733,0.5933,0.26,0.4067,4.4843,0.6378,0.1867,0.1133,6.4095,2.2187,8113,150,2024-04-26,2024-04-26,0.000222,-0.000889,-0.022173,-0.03996,-0.025173,-0.005783,0.010357,0.048666,0,0
CVX,2025-05-02,Energy,0.3333,0.0867,0.58,0.2467,0.42,3.8023,0.5859,0.16,0.0733,6.9567,2.4032,7906,150,2025-05-02,2025-05-02,0.000902,-0.015926,-0.009669,0.004197,-0.022423,0.001595,-0.030933,-0.072082,1,0
CVX,2023-07-28,Energy,0.26,0.12,0.62,0.14,0.38,2.1488,0.3675,0.02,-0.1,4.2859,2.78,8633,150,2023-07-28,2023-07-28,0.000622,0.028246,0.020273,0.024896,0.0579,-0.014738,-0.009348,0.017439,1,1
CVX,2024-08-02,Energy,0.3467,0.1133,0.54,0.2333,0.46,3.0321,0.5061,0.12,0.0067,4.993,4.6089,7811,150,2024-08-02,2024-08-02,-0.011752,0.002937,-0.014611,-0.024134,-0.048793,-0.008049,-0.037661,-0.037295,0,0
CVX,2025-08-01,Energy,0.4,0.0733,0.5267,0.3267,0.4733,5.3812,0.6887,0.2533,0.18,4.6832,1.5611,7687,150,2025-08-01,2025-08-01,-0.000161,-0.017578,-0.008674,-0.001022,-0.00092,0.014808,0.001924,0.018402,0,0
CVX,2023-10-27,Energy,0.2,0.12,0.68,0.08,0.32,1.6529,0.2492,-0.04,-0.16,4.9746,3.844,8845,150,2023-10-27,2023-10-27,-0.033789,9.8e-05,-0.031734,-0.03588,-0.082578,-0.062672,-0.109795,-0.071889,0,0
CVX,2024-11-01,Energy,0.4067,0.0733,0.52,0.3333,0.48,5.4709,0.693,0.26,0.1867,5.0874,3.7602,9042,150,2024-11-01,2024-11-01,0.00436,0.008034,-0.004645,-0.022328,0.02879,0.024337,0.028802,0.038568,0,1
CVX,2025-10-31,Energy,0.2667,0.04,0.6933,0.2267,0.3067,6.5041,0.7367,0.1867,0.1467,4.4313,1.6002,8124,150,2025-10-31,2025-10-31,0.017129,-0.025209,-0.025514,-0.000859,0.014218,0.024078,0.006783,0.003715,0,1
CVX,2024-02-02,Energy,0.3733,0.0667,0.56,0.3067,0.44,5.5172,0.6954,0.24,0.1733,5.0051,3.5263,8791,150,2024-02-02,2024-02-02,-0.000451,0.004232,-0.008308,-0.021739,0.016344,0.018887,0.006548,0.045595,0,1
CVX,2025-01-31,Energy,0.4933,0.0533,0.4533,0.44,0.5467,9.0798,0.8034,0.3867,0.3333,4.6538,3.4191,10529,150,2025-01-31,2025-01-31,-0.020372,0.007735,0.021483,0.024735,0.039678,-0.04029,-0.031388,-0.081142,1,1
CVX,2026-01-30,Energy,0.4067,0.0533,0.54,0.3533,0.46,7.4847,0.7664,0.3,0.2467,5.4741,1.2394,9682,150,2026-01-30,2026-01-30,0.024534,-0.021195,0.03283,0.024336,0.053435,0.036337,0.057085,0.065027,1,1
GOOGL,2023-04-25,Technology,0.46,0.0133,0.5267,0.4467,0.4733,32.093,0.9417,0.4333,0.42,5.0424,2.7504,8726,150,2023-04-25,2023-04-25,-0.007749,0.002888,0.00935,0.002433,0.021759,-0.004132,0.013408,-0.005354,1,1
GOOGL,2023-07-25,Technology,0.4133,0.02,0.5667,0.3933,0.4333,19.6825,0.9056,0.3733,0.3533,3.8947,1.5343,8473,150,2023-07-25,2023-07-25,0.003655,0.057616,0.081604,0.074143,0.089888,0.002865,-0.015277,0.013945,1,1
GOOGL,2023-10-24,Technology,0.3267,0.0133,0.66,0.3133,0.34,22.7907,0.9189,0.3,0.2867,5.1368,2.0547,7787,150,2023-10-24,2023-10-24,0.004791,-0.080742,-0.089307,-0.093298,-0.087875,0.009383,0.021903,0.030539,0,0
GOOGL,2024-01-30,Technology,0.42,0.0133,0.5667,0.4067,0.4333,29.3023,0.9363,0.3933,0.38,3.0949,2.2616,8401,150,2024-01-30,2024-01-30,-0.009442,-0.058686,-0.066998,-0.054888,-0.048225,-0.012581,0.017623,0.029347,0,0
GOOGL,2024-04-25,Technology,0.3133,0.0067,0.68,0.3067,0.32,40.8696,0.9553,0.3,0.2933,2.0901,2.2062,8612,150,2024-04-25,2024-04-25,0.022226,0.09277,0.04646,0.065018,0.056358,-0.015871,-0.008012,0.00662,1,1
GOOGL,2024-07-23,Technology,0.4,0.0067,0.5933,0.3933,0.4067,52.1739,0.9648,0.3867,0.38,2.5325,2.3023,8687,150,2024-07-23,2024-07-23,-5.8e-05,-0.027725,-0.064492,-0.041988,-0.072154,0.002229,0.008034,-0.034376,0,0
GOOGL,2024-10-29,Technology,0.3933,0.0133,0.5933,0.38,0.4067,27.4419,0.9321,0.3667,0.3533,4.6773,1.4552,9621,150,2024-10-29,2024-10-29,0.008315,0.031196,0.027932,0.009068,0.044361,0.016136,0.030149,0.022072,1,1
GOOGL,2024-02-04,Technology,0.4333,0.0133,0.5533,0.42,0.4467,30.2326,0.9382,0.4067,0.3933,3.1334,1.6786,8936,150,2024-02-04,2024-02-05,0.008351,2e-05,0.003806,0.009681,-0.026365,0.012771,-0.066641,-0.034646,1,0
GOOGL,2024-04-24,Technology,0.42,0.0,0.58,0.42,0.42,420.0,0.9976,0.42,0.42,3.8209,2.5075,8375,150,2024-04-24,2024-04-24,0.012684,-0.015871,0.034914,0.039736,0.041105,0.005972,0.013832,0.036091,1,1
GOOGL,2025-07-23,Technology,0.3933,0.0067,0.6,0.3867,0.4,51.3043,0.9643,0.38,0.3733,5.4486,1.623,8626,150,2025-07-23,2025-07-23,-0.010844,0.009867,0.008049,0.032724,0.03306,-0.014309,0.023674,0.060793,1,1
GOOGL,2025-10-29,Technology,0.4133,0.0,0.5867,0.4133,0.4133,413.3333,0.9976,0.4133,0.4133,4.222,1.0856,8290,150,2025-10-29,2025-10-29,0.027403,0.036165,0.039217,0.049745,0.050048,0.026065,0.06157,0.060369,1,1
GOOGL,2026-02-04,Technology,0.4333,0.0067,0.56,0.4267,0.44,56.5217,0.9675,0.42,0.4133,4.3773,2.2981,9138,150,2026-02-04,2026-02-04,-0.022899,0.007114,-0.037492,-0.074707,-0.088158,-0.01479,0.004433,0.013038,0,0
GS,2023-04-18,Financial,0.36,0.1533,0.4867,0.2067,0.5133,2.3326,0.4018,0.0533,-0.1,6.5906,3.9753,9559,150,2023-04-18,2023-04-18,0.021315,0.009094,0.028063,0.036309,0.006519,-0.017639,0.009019,0.0147,1,1
GS,2023-07-19,Financial,0.3533,0.2067,0.44,0.1467,0.56,1.7014,0.2614,-0.06,-0.2667,5.5502,4.0191,10450,150,2023-07-19,2023-07-19,0.007127,0.036909,0.056169,0.049268,0.042117,0.007501,0.02277,0.036814,1,1
GS,2023-10-17,Financial,0.3533,0.18,0.4667,0.1733,0.5333,1.9521,0.3244,-0.0067,-0.1867,6.4357,2.3661,10566,150,2023-10-17,2023-10-17,-0.020245,-0.010595,0.003918,-0.004491,0.022283,-0.015953,-0.020593,-0.023643,0,1
GS,2024-01-16,Financial,0.48,0.06,0.46,0.42,0.54,7.8689,0.7763,0.36,0.3,6.919,2.3722,10117,150,2024-01-16,2024-01-16,0.006218,-0.003036,-0.011192,-0.020067,-0.01673,0.010819,-0.022323,-0.012991,0,0
GS,2024-04-15,Financial,0.4467,0.0867,0.4667,0.36,0.5333,5.0951,0.6737,0.2733,0.1867,7.2913,2.9383,9189,150,2024-04-15,2024-04-15,0.005696,-0.008204,0.015335,0.050461,0.06354,0.041772,0.00398,0.003374,1,1
GS,2024-07-15,Financial,0.4467,0.0867,0.4667,0.36,0.5333,5.0951,0.6737,0.2733,0.1867,6.3627,2.3565,8487,150,2024-07-15,2024-07-15,0.025835,0.01599,0.003566,0.001708,0.03086,0.022986,0.047713,0.056427,1,1
GS,2024-10-15,Financial,0.4533,0.08,0.4667,0.3733,0.5333,5.5967,0.6987,0.2933,0.2133,6.5157,1.9879,9055,150,2024-10-15,2024-10-15,-0.022247,0.009973,0.00342,-0.013916,0.000205,0.007062,0.040444,0.046085,0,1
GS,2025-01-15,Financial,0.5733,0.0267,0.4,0.5467,0.6,20.7229,0.9096,0.52,0.4933,5.9114,1.7197,9304,150,2025-01-15,2025-01-15,0.009094,0.013591,0.030239,0.026792,0.04497,0.041982,0.037424,0.048686,1,1
GS,2025-04-14,Financial,0.5133,0.08,0.4067,0.4333,0.5933,6.3374,0.7291,0.3533,0.2733,7.9735,4.6598,9657,150,2025-04-14,2025-04-14,-0.002742,0.010559,0.034508,0.053784,0.060976,0.009593,0.013764,-0.041214,1,1
GS,2025-07-16,Financial,0.5533,0.06,0.3867,0.4933,0.6133,9.071,0.803,0.4333,0.3733,6.2391,3.3932,9136,150,2025-07-16,2025-07-16,-0.000318,-0.010324,-0.011268,-0.00373,0.014534,0.005639,0.017344,-0.007296,0,1
GS,2025-10-14,Financial,0.5,0.0333,0.4667,0.4667,0.5333,14.5631,0.8734,0.4333,0.4,4.4554,5.0416,8529,150,2025-10-14,2025-10-14,0.000555,-0.008111,-0.029197,-0.028965,-0.009821,-0.01914,-0.013625,-0.026205,0,0
GS,2026-01-15,Financial,0.6133,0.0067,0.38,0.6067,0.62,80.0,0.9769,0.6,0.5933,5.7232,1.2544,12755,150,2026-01-15,2026-01-15,0.058452,-0.013365,-0.013534,-0.054041,-0.041061,0.043585,0.039931,0.09506,0,0
HON,2023-04-27,Industrial,0.6133,0.0667,0.32,0.5467,0.68,9.064,0.8027,0.48,0.4133,3.7615,9.9168,8773,150,2023-04-27,2023-04-27,0.000334,-0.002342,0.002045,0.005619,-0.017509,0.020479,0.008167,0.016397,1,0
HON,2024-04-25,Industrial,0.6067,0.0733,0.32,0.5333,0.68,8.1614,0.7832,0.46,0.3867,3.3427,4.7444,9274,150,2024-04-25,2024-04-25,-0.040921,-0.007246,0.001497,0.000153,0.006297,-0.005288,0.002205,0.008456,1,1
HON,2025-04-29,Industrial,0.52,0.1,0.38,0.42,0.62,5.1485,0.6763,0.32,0.22,8.3118,6.5921,10467,150,2025-04-29,2025-04-29,0.009619,-0.005078,-0.009959,-0.015458,-0.026845,0.047672,0.014797,0.027935,0,0
HON,2023-07-27,Industrial,0.6067,0.1267,0.2667,0.48,0.7333,4.752,0.6537,0.3533,0.2267,5.0262,6.9251,8953,150,2023-07-27,2023-07-27,-0.021609,-0.016002,-0.023736,-0.021973,-0.01925,-0.05027,-0.056225,-0.065451,0,0
HON,2024-07-25,Industrial,0.6067,0.06,0.3333,0.5467,0.6667,9.9454,0.8188,0.4867,0.4267,3.2302,4.1112,10216,150,2024-07-25,2024-07-25,0.003754,-0.009767,-0.005729,0.001977,0.001422,-0.047212,-0.044138,-0.025243,1,1
HON,2025-07-24,Industrial,0.5467,0.08,0.3733,0.4667,0.6267,6.749,0.7435,0.3867,0.3067,4.9395,5.8468,9920,150,2025-07-24,2025-07-24,-0.006969,-0.005293,-0.013619,-0.0058,-0.031772,-0.062144,-0.068429,-0.065649,0,0
HON,2023-10-26,Industrial,0.6133,0.1333,0.2533,0.48,0.7467,4.5658,0.642,0.3467,0.2133,4.0454,7.1918,8899,150,2023-10-26,2023-10-26,-0.004746,0.009872,0.0272,0.01476,-0.002186,0.000576,-0.001521,0.005839,1,0
HON,2024-10-24,Industrial,0.5333,0.16,0.3067,0.3733,0.6933,3.3126,0.5377,0.2133,0.0533,5.1072,5.4076,9986,150,2024-10-24,2024-10-24,-0.023308,-0.004915,-0.019289,0.001944,0.011911,-0.053175,-0.042257,-0.026465,1,1
HON,2025-10-23,Industrial,0.5733,0.08,0.3467,0.4933,0.6533,7.0782,0.7539,0.4133,0.3333,5.7195,6.6387,9791,150,2025-10-23,2025-10-23,0.020924,-0.028701,-0.051144,-0.049867,-0.05589,0.062121,0.069303,0.079603,0,0
HON,2024-02-01,Industrial,0.5933,0.0467,0.36,0.5467,0.64,12.4476,0.8528,0.5,0.4533,4.1229,5.3009,10187,150,2024-02-01,2024-02-01,-0.002078,-0.016609,-0.028371,-0.038155,-0.022942,-0.037561,-0.028316,-0.040765,0,0
HON,2025-02-06,Industrial,0.5533,0.04,0.4067,0.5133,0.5933,13.4959,0.8637,0.4733,0.4333,6.0941,5.6254,10666,150,2025-02-06,2025-02-06,-0.024638,-0.01134,-0.01206,-0.02731,0.020626,-0.059828,-0.06567,-0.064569,0,1
HON,2026-01-29,Industrial,0.6067,0.0733,0.32,0.5333,0.68,8.1614,0.7832,0.46,0.3867,5.1341,5.7996,10518,150,2026-01-29,2026-01-29,0.030494,0.004215,0.022648,0.052747,0.073803,0.050914,0.013776,0.061324,1,1
INTC,2023-04-27,Technology,0.5133,0.0867,0.4,0.4267,0.6,5.8555,0.7099,0.34,0.2533,3.0473,4.7184,10173,150,2023-04-27,2023-04-27,0.025316,0.031653,0.000793,0.068152,-0.028853,0.007975,-0.033691,-0.068087,1,0
INTC,2023-07-27,Technology,0.6067,0.0533,0.34,0.5533,0.66,11.1656,0.8371,0.5,0.4467,2.6509,3.9763,9808,150,2023-07-27,2023-07-27,0.006472,0.056201,0.027362,0.017329,0.021916,0.012159,0.034675,0.013559,1,1
INTC,2023-10-26,Technology,0.5867,0.0133,0.4,0.5733,0.6,40.9302,0.954,0.56,0.5467,3.0447,2.3787,10510,150,2023-10-26,2023-10-26,-0.001885,0.097399,0.108691,0.115146,0.114578,0.002532,-0.05576,-0.068585,1,1
INTC,2024-01-25,Technology,0.64,0.0267,0.3333,0.6133,0.6667,23.1325,0.9186,0.5867,0.56,2.8606,5.1083,9788,150,2024-01-25,2024-01-25,-0.009923,-0.117801,-0.139665,-0.127322,-0.160851,0.003932,0.035901,0.019749,0,0
INTC,2024-04-25,Technology,0.56,0.0467,0.3933,0.5133,0.6067,11.7483,0.8448,0.4667,0.42,3.4906,3.6792,10600,150,2024-04-25,2024-04-25,0.00728,-0.10147,-0.129157,-0.134075,-0.172627,0.02148,-0.00595,-0.038956,0,0
INTC,2024-08-01,Technology,0.5733,0.1267,0.3,0.4467,0.7,4.4909,0.6372,0.32,0.1933,4.2139,3.8393,10679,150,2024-08-01,2024-08-01,-0.028049,-0.241967,-0.278968,-0.267428,-0.301788,-0.040816,-0.07446,-0.149445,0,0
INTC,2024-10-31,Technology,0.52,0.12,0.36,0.4,0.64,4.2975,0.624,0.28,0.16,4.4848,2.2922,10034,150,2024-10-31,2024-10-31,-0.016419,0.073846,0.069469,0.171437,0.11965,-0.015374,-0.018406,-0.017456,1,1
INTC,2025-01-30,Technology,0.48,0.0067,0.5133,0.4733,0.4867,62.6087,0.9706,0.4667,0.46,3.4636,3.3647,10105,150,2025-01-30,2025-01-30,0.012918,-0.023664,-0.030594,-0.0336,0.198145,0.007797,-0.064598,-0.005976,0,1
INTC,2025-04-24,Technology,0.36,0.1333,0.5067,0.2267,0.4933,2.6799,0.4585,0.0933,-0.04,5.5487,4.6239,9732,150,2025-04-24,2025-04-24,0.002812,-0.074233,-0.06747,-0.091813,-0.056404,0.022662,0.077518,0.00166,0,0
INTC,2025-07-24,Technology,0.4533,0.0933,0.4533,0.36,0.5467,4.8057,0.6573,0.2667,0.1733,3.9947,2.5522,9012,150,2025-07-24,2025-07-24,-0.036328,-0.089509,-0.099424,-0.121367,-0.12296,-0.036942,-0.017615,-0.0637,0,0
INTC,2025-10-23,Technology,0.6067,0.02,0.3733,0.5867,0.6267,28.8889,0.9347,0.5667,0.5467,4.6563,2.2173,9020,150,2025-10-23,2025-10-23,0.037175,-0.005028,0.065536,0.040398,-0.02195,0.027656,0.018998,0.00863,1,0
INTC,2026-01-22,Technology,0.5267,0.0667,0.4067,0.46,0.5933,7.7833,0.774,0.3933,0.3267,3.9042,2.0049,9477,150,2026-01-22,2026-01-22,0.00329,-0.17065,-0.200723,-0.111542,-0.095441,-0.003933,0.116941,0.27509,0,0
JNJ,2023-04-18,Healthcare,0.44,0.1133,0.4467,0.3267,0.5533,3.8484,0.5893,0.2133,0.1,8.2329,3.6988,8381,150,2023-04-18,2023-04-18,-0.016429,0.009609,0.015287,0.045527,0.033103,-0.02878,-0.030804,0.018589,1,1
JNJ,2023-07-20,Healthcare,0.4733,0.0667,0.46,0.4067,0.54,6.9951,0.7517,0.34,0.2733,7.1,3.0,10000,150,2023-07-20,2023-07-20,0.044149,0.01075,0.016605,0.03085,0.020808,0.067363,0.054433,0.013479,1,1
JNJ,2023-10-17,Healthcare,0.4467,0.1067,0.4467,0.34,0.5533,4.1486,0.6133,0.2333,0.1267,6.2185,3.6522,10131,150,2023-10-17,2023-10-17,-0.006711,-0.008201,0.014216,-0.00272,-0.008781,-0.009095,-0.01774,-0.029399,0,0
JNJ,2024-01-23,Healthcare,0.4267,0.0667,0.5067,0.36,0.4933,6.3054,0.7283,0.2933,0.2267,6.0141,3.9403,9644,150,2024-01-23,2024-01-23,-0.000817,-0.006412,-0.007199,-0.018944,-0.02976,-0.019289,-0.025331,-0.032266,0,0
JNJ,2024-04-16,Healthcare,0.4267,0.1,0.4733,0.3267,0.5267,4.2244,0.6191,0.2267,0.1267,4.8765,2.384,9228,150,2024-04-16,2024-04-16,-0.001069,0.008134,0.040576,0.031165,0.004047,-0.019452,-0.021076,-0.054686,1,1
JNJ,2024-07-17,Healthcare,0.48,0.06,0.46,0.42,0.54,7.8689,0.7763,0.36,0.3,5.5417,5.9941,8842,150,2024-07-17,2024-07-17,0.036519,0.000276,-0.010833,0.026292,0.019117,0.050906,0.055652,0.057801,1,1
JNJ,2024-10-15,Healthcare,0.44,0.08,0.48,0.36,0.52,5.4321,0.691,0.28,0.2,5.1587,5.383,8917,150,2024-10-15,2024-10-15,0.033853,-0.00325,-0.002081,-0.010067,-0.027869,0.02324,0.016084,-0.006601,0,0
JNJ,2025-01-22,Healthcare,0.4267,0.1067,0.4667,0.32,0.5333,3.9628,0.5989,0.2133,0.1067,5.6113,5.1191,10158,150,2025-01-22,2025-01-22,0.007961,0.003973,0.064112,0.048111,0.068505,-0.025061,-0.038061,-0.007404,1,1
JNJ,2025-04-15,Healthcare,0.48,0.04,0.48,0.44,0.52,11.7073,0.8445,0.4,0.36,6.9465,5.7557,10077,150,2025-04-15,2025-04-15,-0.009542,0.024116,0.065621,0.015531,-0.013981,-0.001993,-0.05871,0.044057,1,0
JNJ,2025-07-16,Healthcare,0.44,0.0333,0.5267,0.4067,0.4733,12.8155,0.8573,0.3733,0.34,4.6201,3.2854,9740,150,2025-07-16,2025-07-16,0.027178,-0.017043,-0.009838,0.010213,-0.001354,0.058589,0.054133,0.046187,1,0
JNJ,2025-10-14,Healthcare,0.54,0.0133,0.4467,0.5267,0.5533,37.6744,0.9501,0.5133,0.5,4.3471,2.1735,11502,150,2025-10-14,2025-10-14,-0.018429,-0.002763,0.009156,-0.008284,-0.058034,0.00096,0.020674,0.035214,0,0
JNJ,2026-01-21,Healthcare,0.5133,0.0333,0.4533,0.48,0.5467,14.9515,0.8764,0.4467,0.4133,4.498,2.6089,11116,150,2026-01-21,2026-01-21,0.024762,-0.003021,0.005268,0.02992,0.074349,-0.012458,0.032472,0.073819,1,1
JPM,2023-04-14,Financial,0.3267,0.1867,0.4867,0.14,0.5133,1.7407,0.2722,-0.0467,-0.2333,8.2453,4.9936,8611,150,2023-04-14,2023-04-14,0.027337,0.004341,0.013875,0.013677,-0.011945,0.077952,0.080343,0.064272,1,0
JPM,2023-07-14,Financial,0.3533,0.1467,0.5,0.2067,0.5,2.3928,0.4125,0.06,-0.0867,7.5479,3.8733,10069,150,2023-07-14,2023-07-14,-0.009081,0.020632,0.016736,0.028132,0.030668,0.006668,0.013153,0.025878,1,1
JPM,2023-10-13,Financial,0.3267,0.2,0.4733,0.1267,0.5267,1.6252,0.2401,-0.0733,-0.2733,7.2978,5.8982,10003,150,2023-10-13,2023-10-13,0.005158,-0.011535,-0.011132,-0.010228,-0.034925,0.02,0.015423,0.018676,0,0
JPM,2024-01-12,Financial,0.4133,0.12,0.4667,0.2933,0.5333,3.416,0.549,0.1733,0.0533,8.2826,4.4002,7727,150,2024-01-12,2024-01-12,-0.024903,-0.002599,-0.009244,-0.007932,-0.008839,-0.008033,-0.037413,-0.001198,0,0
JPM,2024-04-12,Financial,0.3133,0.1667,0.52,0.1467,0.48,1.8688,0.3049,-0.02,-0.1867,6.7152,5.1073,10573,150,2024-04-12,2024-04-12,-0.022522,0.013075,0.005337,0.04718,0.063607,-0.050875,-0.059626,-0.058734,1,1
JPM,2024-07-12,Financial,0.3533,0.08,0.5667,0.2733,0.4333,4.3621,0.6293,0.1933,0.1133,7.209,5.595,9294,150,2024-07-12,2024-07-12,0.000376,0.022184,0.063659,0.04326,0.063388,-0.018407,-0.008914,0.009743,1,1
JPM,2024-10-11,Financial,0.32,0.1533,0.5267,0.1667,0.4733,2.0734,0.3514,0.0133,-0.14,6.7735,4.0275,10925,150,2024-10-11,2024-10-11,0.024567,-0.011822,0.00138,0.005211,0.001022,0.038411,0.040891,0.048289,1,1
JPM,2025-01-15,Financial,0.3933,0.1,0.5067,0.2933,0.4933,3.8944,0.5934,0.1933,0.0933,8.4175,3.367,8316,150,2025-01-15,2025-01-15,0.003637,0.009532,0.024997,0.025266,0.042246,0.00153,0.030701,0.052139,1,1
JPM,2025-04-11,Financial,0.3267,0.08,0.5933,0.2467,0.4067,4.0329,0.6051,0.1667,0.0867,10.325,7.3614,10460,150,2025-04-11,2025-04-11,0.022803,-0.015967,-0.012393,0.007045,-0.00195,0.022182,0.066543,0.017696,1,0
JPM,2025-07-15,Financial,0.2733,0.1,0.6267,0.1733,0.3733,2.7063,0.463,0.0733,-0.0267,6.9664,3.9808,11053,150,2025-07-15,2025-07-15,0.003539,-0.005891,0.007728,0.006229,0.015519,-0.003174,0.01043,-0.013772,1,1
JPM,2025-10-14,Financial,0.2667,0.08,0.6533,0.1867,0.3467,3.2922,0.5369,0.1067,0.0267,8.0401,5.6385,9577,150,2025-10-14,2025-10-14,-0.019994,0.007511,-0.018225,-0.0302,-0.026637,-0.017904,-0.007935,-0.031738,0,0
JPM,2026-01-13,Financial,0.2,0.0733,0.7267,0.1267,0.2733,2.6906,0.4617,0.0533,-0.02,4.6895,3.6474,11515,150,2026-01-13,2026-01-13,-0.038847,-0.004831,0.008091,-0.016433,-0.034961,-0.039882,-0.073692,-0.043966,0,0
META,2023-04-26,Technology,0.3467,0.04,0.6133,0.3067,0.3867,8.4553,0.7911,0.2667,0.2267,4.1599,3.0438,9856,150,2023-04-26,2023-04-26,-0.008786,0.119347,0.133744,0.122897,0.092089,0.013149,-0.005592,-0.012452,1,1
META,2023-07-26,Technology,0.3333,0.06,0.6067,0.2733,0.3933,5.4645,0.6932,0.2133,0.1533,4.9756,2.6286,10652,150,2023-07-26,2023-07-26,-0.010987,0.05064,0.062081,0.064529,0.043666,0.01377,-0.055869,-0.056093,1,1
META,2023-10-25,Technology,0.28,0.0533,0.6667,0.2267,0.3333,5.1534,0.678,0.1733,0.12,5.49,2.2367,9836,150,2023-10-25,2023-10-25,-0.023487,-0.025351,0.015143,0.028893,0.020426,-0.027305,-0.025593,-0.043278,1,1
META,2024-02-01,Technology,0.3,0.0333,0.6667,0.2667,0.3333,8.7379,0.7976,0.2333,0.2,4.8887,1.2482,9614,150,2024-02-01,2024-02-01,-0.007298,0.192649,0.14206,0.171894,0.19989,-0.001195,0.001672,0.02291,1,1
META,2024-04-24,Technology,0.3467,0.02,0.6333,0.3267,0.3667,16.5079,0.8885,0.3067,0.2867,3.622,0.9588,9387,150,2024-04-24,2024-04-24,-0.026388,-0.101814,-0.132564,-0.100039,-0.065658,-0.004766,-0.011065,-0.03371,0,0
META,2024-07-31,Technology,0.3333,0.02,0.6467,0.3133,0.3533,15.873,0.8843,0.2933,0.2733,4.1899,1.1971,10024,150,2024-07-31,2024-07-31,0.004755,0.06241,0.062588,0.088042,0.122183,0.008875,0.011697,0.038799,1,1
META,2024-10-30,Technology,0.4133,0.0267,0.56,0.3867,0.44,14.9398,0.8768,0.36,0.3333,4.8759,0.2216,9024,150,2024-10-30,2024-10-30,-0.013073,-0.021323,-0.034999,-0.05239,-0.049559,0.000531,0.046373,0.029956,0,0
META,2025-01-29,Technology,0.3467,0.0267,0.6267,0.32,0.3733,12.5301,0.8549,0.2933,0.2667,4.9479,0.5264,9499,150,2025-01-29,2025-01-29,0.005371,0.010169,0.037711,0.037947,0.069695,0.007686,0.092623,0.104692,1,1
META,2025-04-30,Technology,0.3333,0.02,0.6467,0.3133,0.3533,15.873,0.8843,0.2933,0.2733,4.8031,0.7471,9369,150,2025-04-30,2025-04-30,0.006959,0.03519,0.075391,0.075166,0.141421,-0.010209,0.019511,0.021201,1,1
META,2025-07-30,Technology,0.42,0.0267,0.5533,0.3933,0.4467,15.1807,0.8786,0.3667,0.34,2.6091,0.8349,9582,150,2025-07-30,2025-07-30,-0.015894,0.116278,0.121927,0.113089,0.105639,-0.005583,-0.026138,-0.027359,1,1
META,2025-10-29,Technology,0.4267,0.0133,0.56,0.4133,0.44,29.7674,0.9373,0.4,0.3867,3.4123,1.034,9671,150,2025-10-29,2025-10-29,-0.00215,-0.102349,-0.145717,-0.139679,-0.183957,-0.000174,-0.004438,0.014146,0,0
META,2026-01-28,Technology,0.3867,0.0267,0.5867,0.36,0.4133,13.9759,0.8689,0.3333,0.3067,3.8599,0.7918,10104,150,2026-01-28,2026-01-28,-0.006216,0.106032,0.05636,0.013661,0.004916,-0.0062,0.076365,0.057264,1,1
MSFT,2022-10-25,Technology,0.4067,0.02,0.5733,0.3867,0.4267,19.3651,0.9041,0.3667,0.3467,4.0404,10.3137,9405,150,2022-10-25,2022-10-25,-0.002432,-0.069622,-0.069655,-0.088684,-0.079344,-0.002177,0.013828,0.036041,0,0
MSFT,2023-01-24,Technology,0.46,0.0267,0.5133,0.4333,0.4867,16.6265,0.8886,0.4067,0.38,4.2961,12.7781,9078,150,2023-01-24,2023-01-24,-0.005206,-0.006283,0.011592,0.008147,0.067981,-0.001153,0.000922,0.033877,1,1
MSFT,2023-04-25,Technology,0.4733,0.0,0.5267,0.4733,0.4733,473.3333,0.9979,0.4733,0.4733,5.0992,8.0922,9021,150,2023-04-25,2023-04-25,-0.003673,0.07667,0.091349,0.097166,0.102718,-0.006662,-0.02528,-0.017315,1,1
MSFT,2023-07-25,Technology,0.48,0.02,0.5,0.46,0.5,22.8571,0.9182,0.44,0.42,4.5676,8.0972,9633,150,2023-07-25,2023-07-25,0.007801,-0.037791,-0.039177,-0.043995,-0.056341,0.014279,-0.026425,0.026338,0,0
MSFT,2023-10-24,Technology,0.38,0.0,0.62,0.38,0.38,380.0,0.9974,0.38,0.38,3.7141,6.4153,8885,150,2023-10-24,2023-10-24,-0.004643,0.04503,0.028391,0.035751,0.059368,-0.003865,0.023808,0.031624,1,1
MSFT,2024-01-30,Technology,0.4333,0.0267,0.54,0.4067,0.46,15.6627,0.8821,0.38,0.3533,5.0734,6.1528,9264,150,2024-01-30,2024-01-30,-0.009575,-0.010629,-0.000612,-0.013882,-0.012054,-0.001985,0.011855,0.013337,0,0
MSFT,2024-04-25,Technology,0.4267,0.0267,0.5467,0.4,0.4533,15.4217,0.8804,0.3733,0.3467,5.4573,5.5665,9162,150,2024-04-25,2024-04-25,0.004081,0.00877,-0.021334,-0.006066,0.000151,-0.020696,-0.020884,-0.039499,0,1
MSFT,2024-07-30,Technology,0.4,0.0067,0.5933,0.3933,0.4067,52.1739,0.9648,0.3867,0.38,4.4033,5.6453,8857,150,2024-07-30,2024-07-30,-0.003424,-0.02706,-0.01733,-0.018493,-0.021142,-0.003862,-0.028025,-0.018704,0,0
MSFT,2024-10-30,Technology,0.44,0.0067,0.5533,0.4333,0.4467,57.3913,0.968,0.4267,0.42,3.4803,5.695,9482,150,2024-10-30,2024-10-30,-0.009022,-0.040925,-0.038063,-0.04757,-0.046567,0.004368,0.015181,0.043368,0,0
MSFT,2025-01-29,Technology,0.4733,0.0333,0.4933,0.44,0.5067,13.7864,0.8667,0.4067,0.3733,2.5618,6.2375,8978,150,2025-01-29,2025-01-29,-0.006597,-0.067176,-0.064297,-0.069657,-0.077836,-0.006407,-0.001039,0.030437,0,0
MSFT,2025-04-30,Technology,0.4467,0.0267,0.5267,0.42,0.4733,16.1446,0.8855,0.3933,0.3667,4.795,7.0726,8342,150,2025-04-30,2025-04-30,-2.1e-05,0.069166,0.087326,0.084447,0.08633,0.002699,0.020034,-0.006785,1,1
MSFT,2025-07-30,Technology,0.3667,0.0067,0.6267,0.36,0.3733,47.8261,0.9617,0.3533,0.3467,3.5203,6.1908,8238,150,2025-07-30,2025-07-30,-0.00145,0.043226,0.04883,0.025444,-0.002138,0.002566,0.014175,-0.001334,1,0
MS,2023-04-19,Financial,0.4533,0.1533,0.3933,0.3,0.6067,2.9374,0.4937,0.1467,-0.0067,9.1821,5.6992,9475,150,2023-04-19,2023-04-19,0.033327,0.005236,0.000882,0.001393,-0.040126,0.006847,0.043342,0.052991,1,0
MS,2023-07-18,Financial,0.4467,0.1867,0.3667,0.26,0.6333,2.3801,0.4099,0.0733,-0.1133,8.2439,6.3241,8855,150,2023-07-18,2023-07-18,0.042072,0.011046,0.02694,0.024222,-0.00677,0.05706,0.055645,0.040563,1,0
MS,2023-10-18,Financial,0.4467,0.18,0.3733,0.2667,0.6267,2.4678,0.4249,0.0867,-0.0933,5.2936,3.8953,10012,150,2023-10-18,2023-10-18,-0.011114,-0.017389,-0.019805,-0.017047,-0.023355,-0.05452,-0.036947,-0.066299,0,0
MS,2024-01-16,Financial,0.4533,0.0933,0.4533,0.36,0.5467,4.8057,0.6573,0.2667,0.1733,6.1945,4.068,10816,150,2024-01-16,2024-01-16,-0.008183,-0.012587,-0.02312,-0.011952,-0.004428,-0.037912,-0.081328,-0.07727,0,0
MS,2024-04-16,Financial,0.62,0.0533,0.3267,0.5667,0.6733,11.411,0.8403,0.5133,0.46,7.6713,3.6406,7691,150,2024-04-16,2024-04-16,-0.014515,0.016463,0.033675,0.047619,0.031567,0.026539,-0.022104,-0.008999,1,1
MS,2024-07-16,Financial,0.6533,0.06,0.2867,0.5933,0.7133,10.7104,0.8306,0.5333,0.4733,8.4667,2.6676,8622,150,2024-07-16,2024-07-16,0.016536,0.020988,-0.010786,-0.005992,0.017311,0.00319,0.018917,0.035404,0,1
MS,2024-10-16,Financial,0.5733,0.0533,0.3733,0.52,0.6267,10.5521,0.8285,0.4667,0.4133,5.6474,2.3008,9562,150,2024-10-16,2024-10-16,0.018155,-0.000672,-0.012576,-0.00289,-0.009372,0.060615,0.087079,0.119791,0,0
MS,2025-01-16,Financial,0.5467,0.02,0.4333,0.5267,0.5667,26.0317,0.9278,0.5067,0.4867,4.9381,4.7648,11543,150,2025-01-16,2025-01-16,0.030401,0.005128,-0.023616,-0.012801,0.008868,0.042214,0.05853,0.070771,0,1
MS,2025-04-11,Financial,0.52,0.0867,0.3933,0.4333,0.6067,5.9316,0.7131,0.3467,0.26,10.4873,6.1441,9440,150,2025-04-11,2025-04-11,0.029933,-0.000545,0.013103,0.020737,0.039639,-0.003393,0.02632,-0.023428,1,1
MS,2025-07-16,Financial,0.64,0.08,0.28,0.56,0.72,7.9012,0.7767,0.48,0.4,7.1725,2.265,7947,150,2025-07-16,2025-07-16,0.001309,0.001821,-0.002425,0.001308,0.020437,-0.016056,-0.01269,-0.019711,1,1
MS,2025-10-15,Financial,0.6333,0.0333,0.3333,0.6,0.6667,18.4466,0.8987,0.5667,0.5333,7.304,2.6812,10816,150,2025-10-15,2025-10-15,0.000756,-0.009359,-0.013396,-0.031805,-0.02492,0.042618,0.056769,0.041621,0,0
MS,2026-01-15,Financial,0.4867,0.02,0.4933,0.4667,0.5067,23.1746,0.9192,0.4467,0.4267,5.4174,4.0907,9045,150,2026-01-15,2026-01-15,0.059874,-0.010353,-0.031483,-0.059606,-0.038423,0.055082,0.031508,0.062036,0,0
NVDA,2022-05-25,Technology,0.36,0.0667,0.5733,0.2933,0.4267,5.3202,0.6859,0.2267,0.16,6.3702,6.2522,8477,150,2022-05-25,2022-05-25,0.046715,0.031624,0.060813,0.103787,0.053193,0.041988,-0.011877,0.008983,1,1
NVDA,2022-08-24,Technology,0.2667,0.1267,0.6067,0.14,0.3933,2.0888,0.355,0.0133,-0.1133,5.7289,9.2638,8204,150,2022-08-24,2022-08-24,0.008559,0.026006,-0.055822,-0.078865,-0.155298,-0.000815,-0.030281,-0.033302,0,0
NVDA,2022-11-16,Technology,0.3133,0.06,0.6267,0.2533,0.3733,5.1366,0.6768,0.1933,0.1333,6.1566,8.5438,7959,150,2022-11-16,2022-11-16,-0.01224,-0.011585,-0.035097,0.020652,0.047103,-0.037733,0.097921,0.148672,1,1
NVDA,2023-02-22,Technology,0.3667,0.0867,0.5467,0.28,0.4533,4.1825,0.6163,0.1933,0.1067,5.3064,5.8117,7915,150,2023-02-22,2023-02-22,0.004723,0.134894,0.134393,0.103204,0.164369,0.006171,-0.062343,-0.023894,1,1
NVDA,2023-05-24,Technology,0.32,0.04,0.64,0.28,0.36,7.8049,0.7756,0.24,0.2,4.4779,5.5701,9156,150,2023-05-24,2023-05-24,0.014082,0.235037,0.291366,0.276211,0.217299,0.002357,0.0219,0.06149,1,1
NVDA,2023-08-23,Technology,0.4,0.04,0.56,0.36,0.44,9.7561,0.8163,0.32,0.28,5.0137,5.0137,8377,150,2023-08-23,2023-08-23,0.018648,0.014856,-0.005355,0.027578,-0.022598,0.020569,0.075764,0.113307,1,0
NVDA,2023-11-21,Technology,0.4467,0.0133,0.54,0.4333,0.46,31.1628,0.94,0.42,0.4067,4.9353,7.0191,9118,150,2023-11-21,2023-11-21,-0.003829,-0.028448,-0.036748,-0.039076,-0.092127,-0.007045,-0.004318,0.049405,0,0
NVDA,2024-02-21,Technology,0.3733,0.0267,0.6,0.3467,0.4,13.494,0.8645,0.32,0.2933,4.3371,6.3197,8070,150,2024-02-21,2024-02-21,-0.011465,0.143313,0.154561,0.132839,0.28946,-0.029415,-0.070887,-0.017547,1,1
NVDA,2024-05-22,Technology,0.4,0.04,0.56,0.36,0.44,9.7561,0.8163,0.32,0.28,3.9592,5.9988,8335,150,2024-05-22,2024-05-22,-0.003787,0.100501,0.199627,0.177397,0.265218,-0.001691,0.003287,0.025753,1,1
NVDA,2024-08-28,Technology,0.4,0.0133,0.5867,0.3867,0.4133,27.907,0.9332,0.3733,0.36,4.2591,3.1383,8922,150,2024-08-28,2024-08-28,-0.014406,-0.063938,-0.129055,-0.13092,-0.052843,-0.015161,-0.018352,0.037012,0,0
NVDA,2024-11-20,Technology,0.4,0.0267,0.5733,0.3733,0.4267,14.4578,0.873,0.3467,0.32,5.6274,2.7538,8352,150,2024-11-20,2024-11-20,-0.010515,-2.2e-05,-0.079559,-0.086422,-0.032987,-0.007957,0.008604,0.002837,0,0
NVDA,2025-02-26,Technology,0.3933,0.0467,0.56,0.3467,0.44,8.2517,0.7861,0.3,0.2533,5.2557,5.1275,7801,150,2025-02-26,2025-02-26,0.012256,-0.068819,-0.113055,-0.087181,-0.058296,0.036216,-0.027096,0.006347,0,0
PFE,2023-05-02,Healthcare,0.4267,0.0733,0.5,0.3533,0.5,5.7399,0.7053,0.28,0.2067,7.8886,2.6564,12423,150,2023-05-02,2023-05-02,0.003621,-0.008753,-0.01895,-0.015068,-0.040794,0.007414,-0.018587,-0.028609,0,0
PFE,2023-08-01,Healthcare,0.4467,0.0867,0.4667,0.36,0.5333,5.0951,0.6737,0.2733,0.1867,9.8025,2.5758,13976,150,2023-08-01,2023-08-01,-0.007985,0.00661,0.004616,0.017776,0.023593,-0.009618,-0.030704,-0.011479,1,1
PFE,2023-10-31,Healthcare,0.34,0.1267,0.5333,0.2133,0.4667,2.6632,0.4562,0.0867,-0.04,6.7467,1.389,10079,150,2023-10-31,2023-10-31,0.00406,-0.012301,-0.016525,-0.022208,-0.102634,-0.005953,0.017089,-0.026001,0,0
PFE,2024-01-30,Healthcare,0.4533,0.1267,0.42,0.3267,0.58,3.5509,0.5622,0.2,0.0733,5.3896,1.9022,12617,150,2024-01-30,2024-01-30,-0.031867,0.018538,-0.010379,0.01147,-0.008349,-0.015966,-0.04773,-0.065151,1,0
PFE,2024-05-01,Healthcare,0.56,0.0867,0.3533,0.4733,0.6467,6.3878,0.7308,0.3867,0.3,5.693,3.1122,13174,150,2024-05-01,2024-05-01,0.034337,0.009778,0.003639,0.006447,0.01751,0.064137,0.044652,0.069636,1,1
PFE,2024-07-30,Healthcare,0.6067,0.02,0.3733,0.5867,0.6267,28.8889,0.9347,0.5667,0.5467,5.8277,1.5804,10124,150,2024-07-30,2024-07-30,0.020053,-0.043333,-0.013793,-0.029321,-0.080991,0.026876,0.100357,0.119555,0,0
PFE,2024-10-29,Healthcare,0.5,0.0,0.5,0.5,0.5,500.0,0.998,0.5,0.5,6.33,1.3249,13586,150,2024-10-29,2024-10-29,-0.02227,0.005134,0.005443,-0.0078,-0.091474,-0.015479,-0.010519,-0.03672,0,0
PFE,2025-02-04,Healthcare,0.5533,0.0333,0.4133,0.52,0.5867,16.1165,0.8849,0.4867,0.4533,8.0052,1.5642,10868,150,2025-02-04,2025-02-04,-0.015419,0.017979,-0.003347,-0.019008,-0.017755,-0.019304,-0.028365,-0.010744,0,0
PFE,2024-04-29,Healthcare,0.56,0.0467,0.3933,0.5133,0.6067,11.7483,0.8448,0.4667,0.42,9.0212,3.7096,11861,150,2024-04-29,2024-04-29,0.002404,0.015061,0.090205,0.085521,0.10466,0.005907,-0.044302,-0.021542,1,1
PFE,2025-08-05,Healthcare,0.6067,0.0067,0.3867,0.6,0.6133,79.1304,0.9767,0.5933,0.5867,6.9274,2.1922,11404,150,2025-08-05,2025-08-05,0.025824,-0.040791,-0.021535,-0.027481,0.004176,0.056919,0.029994,0.00289,0,1
PFE,2025-11-04,Healthcare,0.58,0.0533,0.3667,0.5267,0.6333,10.6748,0.8303,0.4733,0.42,7.6746,2.8506,9121,150,2025-11-04,2025-11-04,-0.002403,0.009292,0.029376,0.056788,0.088218,-0.002745,0.00904,-0.028017,1,1
PFE,2026-02-03,Healthcare,0.5133,0.0267,0.46,0.4867,0.54,18.5542,0.8996,0.46,0.4333,8.2789,0.61,11475,150,2026-02-03,2026-02-03,0.025762,0.044037,0.054686,0.067645,0.066787,-0.024928,-0.018978,0.009075,1,1
T,2023-04-20,Telecom,0.5467,0.0467,0.4067,0.5,0.5933,11.4685,0.8413,0.4533,0.4067,4.0343,1.9654,9667,150,2023-04-20,2023-04-20,-0.058284,0.031518,0.00615,-0.003553,-0.025538,-0.098604,-0.111886,-0.110082,0,0
T,2024-04-24,Telecom,0.4933,0.1067,0.4,0.3867,0.6,4.582,0.6434,0.28,0.1733,4.6435,2.7087,10337,150,2024-04-24,2024-04-24,-0.003055,-0.009883,0.003292,0.016556,-0.005461,0.019262,0.033094,0.021723,1,0
T,2025-04-23,Telecom,0.5267,0.0667,0.4067,0.46,0.5933,7.7833,0.774,0.3933,0.3267,5.3176,2.8557,10155,150,2025-04-23,2025-04-23,0.033762,-0.008544,-0.026244,-0.016953,-0.014587,-0.006964,-0.007199,-0.037182,0,0
T,2023-07-26,Telecom,0.5133,0.06,0.4267,0.4533,0.5733,8.4153,0.7893,0.3933,0.3333,3.8542,2.1875,9600,150,2023-07-26,2023-07-26,-0.00363,-0.01889,-0.029854,-0.024455,-0.020212,0.005927,0.019881,-0.036489,0,0
T,2024-07-24,Telecom,0.5733,0.1067,0.32,0.4667,0.68,5.3251,0.6853,0.36,0.2533,4.4709,2.3845,10065,150,2024-07-24,2024-07-24,0.026587,0.006776,-0.020092,-0.013003,0.046399,0.074832,0.028208,0.058202,0,1
T,2025-07-23,Telecom,0.5867,0.0667,0.3467,0.52,0.6533,8.67,0.7947,0.4533,0.3867,5.2731,2.0038,9482,150,2025-07-23,2025-07-23,0.050921,0.005795,-0.00971,-0.009403,-0.007114,0.003528,0.01368,-0.018853,0,0
T,2023-10-19,Telecom,0.5733,0.0133,0.4133,0.56,0.5867,40.0,0.9529,0.5467,0.5333,4.9261,2.069,10150,150,2023-10-19,2023-10-19,0.003332,0.020152,0.024259,0.023375,0.020645,0.074429,0.072727,0.044107,1,1
T,2024-10-23,Telecom,0.48,0.1133,0.4067,0.3667,0.5933,4.1983,0.6169,0.2533,0.14,6.9488,2.948,9498,150,2024-10-23,2024-10-23,0.064477,-0.015057,-0.02181,-0.024393,-0.030137,0.055184,0.04333,0.03723,0,0
T,2025-10-22,Telecom,0.6133,0.06,0.3267,0.5533,0.6733,10.0546,0.8206,0.4933,0.4333,4.1218,1.7967,9462,150,2025-10-22,2025-10-22,0.031531,-0.042329,-0.026898,-0.045382,-0.053393,-0.013995,-0.0239,-0.008299,0,0
T,2024-01-23,Telecom,0.5867,0.0333,0.38,0.5533,0.62,17.0874,0.891,0.52,0.4867,3.3203,3.3203,9939,150,2024-01-23,2024-01-23,0.007047,-0.030761,0.000558,0.007342,0.005623,0.020298,0.024712,-0.012934,1,1
T,2025-01-27,Telecom,0.5,0.0333,0.4667,0.4667,0.5333,14.5631,0.8734,0.4333,0.4,5.0865,2.1363,9830,150,2025-01-27,2025-01-27,0.019568,0.002178,-0.014431,0.007226,0.020683,0.076645,0.080001,0.080431,1,1
T,2026-01-28,Telecom,0.56,0.0333,0.4067,0.5267,0.5933,16.3107,0.8861,0.4933,0.46,4.9131,2.1056,11398,150,2026-01-28,2026-01-28,0.030092,0.046023,0.092661,0.144141,0.187775,0.046622,0.009636,0.030669,1,1
UNH,2023-04-14,Healthcare,0.52,0.02,0.46,0.5,0.54,24.7619,0.9242,0.48,0.46,4.3573,2.3861,9639,150,2023-04-14,2023-04-14,-0.018712,-0.016172,-0.054074,-0.054021,-0.046906,-0.024998,-0.00998,0.067077,0,0
UNH,2023-07-14,Healthcare,0.5,0.04,0.46,0.46,0.54,12.1951,0.8503,0.42,0.38,6.7447,3.1659,7265,150,2023-07-14,2023-07-14,0.040757,0.004671,0.035827,0.048442,0.030353,0.073029,0.015808,-0.017667,1,1
UNH,2023-10-13,Healthcare,0.4933,0.0267,0.48,0.4667,0.52,17.8313,0.8957,0.44,0.4133,4.3509,3.9981,8504,150,2023-10-13,2023-10-13,0.020058,-0.013062,-0.003203,0.00096,0.020923,0.031354,0.023238,0.060431,1,1
UNH,2024-01-12,Healthcare,0.5,0.04,0.46,0.46,0.54,12.1951,0.8503,0.42,0.38,3.3063,1.7065,9376,150,2024-01-12,2024-01-12,0.007535,-0.000854,-0.009515,-0.03054,-0.063148,-0.034361,-0.048253,-0.006437,0,0
UNH,2024-04-16,Healthcare,0.42,0.1333,0.4467,0.2867,0.5533,3.1266,0.5171,0.1533,0.02,6.8786,2.1379,10758,150,2024-04-16,2024-04-16,-0.013735,0.027458,0.085381,0.032664,0.034663,0.05402,0.050352,0.052973,1,1
UNH,2024-07-16,Healthcare,0.3867,0.1133,0.5,0.2733,0.5,3.3819,0.5456,0.16,0.0467,5.4728,2.911,8588,150,2024-07-16,2024-07-16,0.024503,0.058494,0.058084,0.030237,0.0905,0.059072,0.099076,0.073819,1,1
UNH,2024-10-15,Healthcare,0.42,0.0733,0.5067,0.3467,0.4933,5.6502,0.7013,0.2733,0.2,5.0074,5.7493,10784,150,2024-10-15,2024-10-15,0.015963,0.022708,0.015648,0.018288,0.007066,-0.07335,-0.055017,-0.065932,1,1
UNH,2025-01-16,Healthcare,0.34,0.0733,0.5867,0.2667,0.4133,4.574,0.6436,0.1933,0.12,4.647,1.9775,10114,150,2025-01-16,2025-01-16,-0.033,-0.011666,-0.007134,0.01533,0.04527,-0.05849,-0.030205,-0.000136,1,1
UNH,2025-04-17,Healthcare,0.44,0.1133,0.4467,0.3267,0.5533,3.8484,0.5893,0.2133,0.1,4.6422,4.4487,10340,150,2025-04-17,2025-04-17,-0.055434,-0.039574,-0.074701,-0.124138,-0.195984,-0.225224,-0.239508,-0.140567,0,0
UNH,2025-07-29,Healthcare,0.3533,0.1667,0.48,0.1867,0.52,2.1074,0.3583,0.02,-0.1467,5.7454,6.6408,13402,150,2025-07-29,2025-07-29,-0.012585,0.020296,-0.067934,-0.027096,-0.009781,-0.071976,-0.09456,-0.126124,0,0
UNH,2025-10-28,Healthcare,0.5133,0.0867,0.4,0.4267,0.6,5.8555,0.7099,0.34,0.2533,8.0094,4.5907,10238,150,2025-10-28,2025-10-28,-0.033744,-0.03468,-0.064167,-0.083411,-0.103894,0.002426,-0.016732,-0.015518,0,0
UNH,2026-01-27,Healthcare,0.5333,0.12,0.3467,0.4133,0.6533,4.4077,0.6317,0.2933,0.1733,8.4973,5.4785,8944,150,2026-01-27,2026-01-27,-0.040224,0.040143,0.020024,0.013805,-0.028688,-0.200037,-0.191104,-0.170249,1,0
VZ,2023-04-25,Telecom,0.5467,0.1,0.3533,0.4467,0.6467,5.4125,0.6897,0.3467,0.2467,3.4671,2.1013,9518,150,2023-04-25,2023-04-25,0.027032,-0.005952,0.016762,-0.001802,-0.004705,0.021265,-0.022488,-0.045615,0,0
VZ,2024-04-22,Telecom,0.5467,0.0333,0.42,0.5133,0.58,15.9223,0.8835,0.48,0.4467,5.6452,2.6741,10097,150,2024-04-22,2024-04-22,-0.071429,0.016631,0.008518,0.01791,-0.014807,-0.055887,-0.02827,-0.023398,1,0
VZ,2025-04-22,Telecom,0.5733,0.02,0.4067,0.5533,0.5933,27.3016,0.931,0.5333,0.5133,5.326,2.0202,10890,150,2025-04-22,2025-04-22,0.014909,-0.026841,-0.073999,-0.056899,-0.037611,-0.019961,-0.003039,-0.014725,0,0
VZ,2023-07-25,Telecom,0.6,0.0733,0.3267,0.5267,0.6733,8.0717,0.781,0.4533,0.38,5.1658,3.2028,9679,150,2023-07-25,2023-07-25,-0.014896,0.002767,-0.009383,-0.02594,-0.034084,0.004921,0.058295,-0.050771,0,0
VZ,2024-07-22,Telecom,0.5867,0.06,0.3533,0.5267,0.6467,9.6175,0.8132,0.4667,0.4067,2.9311,1.6171,9894,150,2024-07-22,2024-07-22,-0.024511,-0.003548,0.05128,0.041878,0.085359,-0.071098,-0.029425,-0.042214,1,1
VZ,2025-07-21,Telecom,0.6333,0.0533,0.3133,0.58,0.6867,11.6564,0.8434,0.5267,0.4733,2.9447,1.9631,9169,150,2025-07-21,2025-07-21,0.012872,0.010918,0.0049,-0.016053,0.007009,0.038505,0.015548,-0.004225,0,1
VZ,2023-10-24,Telecom,0.62,0.0533,0.3267,0.5667,0.6733,11.411,0.8403,0.5133,0.46,4.3842,3.1607,9808,150,2023-10-24,2023-10-24,0.032372,-0.003432,0.005496,0.037016,0.016418,0.085165,0.116959,0.105082,1,1
VZ,2024-10-22,Telecom,0.2733,0.0133,0.7133,0.26,0.2867,19.0698,0.9038,0.2467,0.2333,2.6191,0.9745,16418,150,2024-10-22,2024-10-22,-0.013453,0.041909,0.004446,-0.001439,0.005566,-0.049812,-0.057318,-0.060021,0,1
VZ,2025-10-29,Telecom,0.4933,0.06,0.4467,0.4333,0.5533,8.0874,0.7817,0.3733,0.3133,4.3114,0.8383,8350,150,2025-10-29,2025-10-29,-0.01566,-0.020089,-0.012511,0.001339,0.020507,0.022154,-0.019034,-0.037615,1,1
VZ,2024-01-23,Telecom,0.6133,0.04,0.3467,0.5733,0.6533,14.9593,0.8762,0.5333,0.4933,4.7097,2.4029,10404,150,2024-01-23,2024-01-23,0.026488,-0.023589,-0.001234,-0.006753,-0.045568,0.064037,0.05392,0.049258,0,0
VZ,2025-01-24,Telecom,0.46,0.02,0.52,0.44,0.48,21.9048,0.9148,0.42,0.4,3.4952,2.4834,10872,150,2025-01-24,2025-01-24,-0.011194,0.041965,0.028847,0.006322,0.020441,0.012108,0.003698,0.002052,1,1
VZ,2026-01-30,Telecom,0.5867,0.0067,0.4067,0.58,0.5933,76.5217,0.9759,0.5733,0.5667,4.3103,1.6309,8584,150,2026-01-30,2026-01-30,0.059488,-0.00295,0.064283,0.042158,0.115623,0.121295,0.122543,0.131488,1,1
WMT,2023-05-18,Consumer,0.46,0.0933,0.4467,0.3667,0.5533,4.8763,0.6615,0.2733,0.18,3.8898,7.2123,12340,150,2023-05-18,2023-05-18,-0.01261,-0.008844,-0.008602,-0.024132,-0.038224,0.003341,-0.028004,-0.028158,0,0
WMT,2023-08-17,Consumer,0.5333,0.0333,0.4333,0.5,0.5667,15.534,0.8808,0.4667,0.4333,4.0858,5.0221,11748,150,2023-08-17,2023-08-17,-0.021341,0.013906,0.004215,0.006332,0.012221,-0.014796,-0.006942,0.00902,1,1
WMT,2023-11-16,Consumer,0.44,0.1133,0.4467,0.3267,0.5533,3.8484,0.5893,0.2133,0.1,5.086,5.086,11797,150,2023-11-16,2023-11-16,-0.019319,-0.005666,-0.007906,-0.011133,-0.030596,-0.082151,-0.085851,-0.102473,0,0
WMT,2024-02-20,Consumer,0.4467,0.0533,0.5,0.3933,0.5,8.2209,0.7851,0.34,0.2867,3.4114,2.5585,10553,150,2024-02-20,2024-02-20,-0.012751,-0.013188,-0.024031,-0.003925,0.003248,0.03779,0.041072,0.034142,0,1
WMT,2024-05-16,Consumer,0.5267,0.0333,0.44,0.4933,0.56,15.3398,0.8794,0.46,0.4267,3.3304,2.3509,10209,150,2024-05-16,2024-05-16,-0.001024,0.008561,0.01276,0.01813,0.029836,0.071922,0.042688,0.028877,1,1
WMT,2024-08-15,Consumer,0.5,0.0333,0.4667,0.4667,0.5333,14.5631,0.8734,0.4333,0.4,2.5319,2.7267,10269,150,2024-08-15,2024-08-15,-0.019179,0.004308,0.011308,0.030044,0.037705,0.048691,0.039334,0.030048,1,1
WMT,2024-11-19,Consumer,0.4933,0.0267,0.48,0.4667,0.52,17.8313,0.8957,0.44,0.4133,3.4882,2.662,10894,150,2024-11-19,2024-11-19,-0.005269,0.006359,0.035516,0.036855,0.061238,0.026316,0.03,0.011312,1,1
WMT,2025-02-20,Consumer,0.52,0.0333,0.4467,0.4867,0.5533,15.1456,0.8779,0.4533,0.42,4.7331,4.6384,10564,150,2025-02-20,2025-02-20,-0.013997,-0.007893,0.03138,0.037178,0.035278,-0.061128,-0.073405,-0.061434,1,1
WMT,2022-05-17,Consumer,0.4467,0.1133,0.44,0.3333,0.56,3.9067,0.5942,0.22,0.1067,2.8777,9.4964,10425,150,2022-05-17,2022-05-17,-0.041638,-0.027598,-0.046728,-0.019628,-0.048028,-0.134328,-0.142648,-0.116257,0,0
WMT,2022-08-16,Consumer,0.46,0.0933,0.4467,0.3667,0.5533,4.8763,0.6615,0.2733,0.18,3.54,10.6199,12147,150,2022-08-16,2022-08-16,-0.001222,0.008174,0.000732,0.001846,0.023847,0.049097,0.041578,0.001965,1,1
WMT,2022-11-15,Consumer,0.3933,0.0533,0.5533,0.34,0.4467,7.2393,0.7595,0.2867,0.2333,3.7349,9.1201,11513,150,2022-11-15,2022-11-15,0.019199,0.014818,0.025096,0.025287,0.010715,0.056866,-0.010602,0.004251,1,1
WMT,2023-02-21,Consumer,0.5133,0.0667,0.42,0.4467,0.58,7.5862,0.7688,0.38,0.3133,4.8456,9.9376,12176,150,2023-02-21,2023-02-21,0.040995,-0.019595,-0.026196,-0.028204,-0.052788,0.026139,0.043015,0.073476,0,0
